,Player,Pos,Age,Tm,G,GS,MP,FG,FGA,FG%,3P,3PA,3P%,2P,2PA,2P%,eFG%,FT,FTA,FT%,ORB,DRB,TRB,AST,STL,BLK,TOV,PF,PTS,Year
0,Kareem Abdul-Jabbar,C,33.0,LAL,80.0,0.0,2976.0,836.0,1457.0,0.574,0.0,1.0,0.0,836.0,1456.0,0.574,0.574,423.0,552.0,0.766,197.0,624.0,821.0,272.0,59.0,228.0,249.0,244.0,2095.0,1981
1,Tom Abernethy,SF,26.0,TOT,39.0,0.0,298.0,25.0,59.0,0.424,0.0,1.0,0.0,25.0,58.0,0.431,0.424,13.0,22.0,0.591,20.0,28.0,48.0,19.0,7.0,3.0,8.0,34.0,63.0,1981
4,Alvan Adams,C,26.0,PHO,75.0,0.0,2054.0,458.0,870.0,0.526,0.0,0.0,0.0,458.0,870.0,0.526,0.526,199.0,259.0,0.768,157.0,389.0,546.0,344.0,106.0,69.0,226.0,226.0,1115.0,1981
5,Darrell Allums,PF,22.0,DAL,22.0,0.0,276.0,23.0,67.0,0.343,0.0,1.0,0.0,23.0,66.0,0.348,0.343,13.0,22.0,0.591,19.0,46.0,65.0,25.0,5.0,8.0,23.0,51.0,59.0,1981
6,Tiny Archibald,PG,32.0,BOS,80.0,72.0,2820.0,382.0,766.0,0.499,0.0,9.0,0.0,382.0,757.0,0.505,0.499,342.0,419.0,0.816,36.0,140.0,176.0,618.0,75.0,18.0,265.0,201.0,1106.0,1981
7,Dennis Awtrey,C,32.0,SEA,47.0,0.0,607.0,44.0,93.0,0.473,0.0,0.0,0.0,44.0,93.0,0.473,0.473,14.0,20.0,0.7,33.0,75.0,108.0,54.0,12.0,8.0,33.0,85.0,102.0,1981
8,James Bailey,PF,23.0,SEA,82.0,0.0,2539.0,444.0,889.0,0.499,1.0,2.0,0.5,443.0,887.0,0.499,0.5,256.0,361.0,0.709,192.0,415.0,607.0,98.0,74.0,143.0,219.0,332.0,1145.0,1981
9,Greg Ballard,SF,26.0,WSB,82.0,0.0,2610.0,549.0,1186.0,0.463,7.0,32.0,0.219,542.0,1154.0,0.47,0.466,166.0,196.0,0.847,167.0,413.0,580.0,195.0,118.0,39.0,117.0,194.0,1271.0,1981
10,Mike Bantom,SF,29.0,IND,76.0,0.0,2375.0,431.0,882.0,0.489,0.0,6.0,0.0,431.0,876.0,0.492,0.489,199.0,281.0,0.708,150.0,277.0,427.0,240.0,80.0,85.0,197.0,284.0,1061.0,1981
11,Billy Ray Bates,SG,24.0,POR,77.0,0.0,1560.0,439.0,902.0,0.487,14.0,54.0,0.259,425.0,848.0,0.501,0.494,170.0,199.0,0.854,71.0,86.0,157.0,196.0,82.0,6.0,149.0,120.0,1062.0,1981
12,Mel Bennett,PF,26.0,UTA,28.0,0.0,313.0,26.0,60.0,0.433,0.0,2.0,0.0,26.0,58.0,0.448,0.433,53.0,81.0,0.654,33.0,60.0,93.0,15.0,3.0,11.0,31.0,56.0,105.0,1981
13,Kent Benson,C,26.0,DET,59.0,0.0,1956.0,364.0,770.0,0.473,0.0,4.0,0.0,364.0,766.0,0.475,0.473,196.0,254.0,0.772,124.0,276.0,400.0,172.0,72.0,67.0,190.0,184.0,924.0,1981
14,Henry Bibby,PG,31.0,SDC,73.0,0.0,1112.0,118.0,306.0,0.386,32.0,95.0,0.337,86.0,211.0,0.408,0.438,67.0,98.0,0.684,25.0,49.0,74.0,200.0,47.0,2.0,76.0,85.0,335.0,1981
15,Larry Bird,PF,24.0,BOS,82.0,82.0,3239.0,719.0,1503.0,0.478,20.0,74.0,0.27,699.0,1429.0,0.489,0.485,283.0,328.0,0.863,191.0,704.0,895.0,451.0,161.0,63.0,289.0,239.0,1741.0,1981
16,Otis Birdsong,SG,25.0,KCK,71.0,0.0,2593.0,710.0,1306.0,0.544,10.0,35.0,0.286,700.0,1271.0,0.551,0.547,317.0,455.0,0.697,119.0,139.0,258.0,233.0,93.0,18.0,173.0,172.0,1747.0,1981
17,Norman Black,SG,23.0,DET,3.0,0.0,28.0,3.0,10.0,0.3,0.0,0.0,0.0,3.0,10.0,0.3,0.3,2.0,8.0,0.25,0.0,2.0,2.0,2.0,1.0,0.0,1.0,2.0,8.0,1981
18,Ron Boone,SG,34.0,UTA,52.0,0.0,1146.0,160.0,371.0,0.431,11.0,39.0,0.282,149.0,332.0,0.449,0.446,75.0,94.0,0.798,17.0,67.0,84.0,161.0,33.0,8.0,111.0,126.0,406.0,1981
19,Winford Boynes,SG,23.0,DAL,44.0,0.0,757.0,121.0,313.0,0.387,0.0,0.0,0.0,121.0,313.0,0.387,0.387,45.0,55.0,0.818,24.0,51.0,75.0,37.0,23.0,16.0,69.0,79.0,287.0,1981
20,Dudley Bradley,SG,23.0,IND,82.0,0.0,1867.0,265.0,559.0,0.474,2.0,16.0,0.125,263.0,543.0,0.484,0.476,125.0,178.0,0.702,70.0,123.0,193.0,188.0,186.0,37.0,122.0,236.0,657.0,1981
21,Mike Bratz,PG,25.0,CLE,80.0,0.0,2595.0,319.0,817.0,0.39,57.0,169.0,0.337,262.0,648.0,0.404,0.425,107.0,132.0,0.811,66.0,132.0,198.0,452.0,136.0,17.0,162.0,194.0,802.0,1981
22,Jim Brewer,PF,29.0,LAL,78.0,0.0,1107.0,101.0,197.0,0.513,0.0,2.0,0.0,101.0,195.0,0.518,0.513,15.0,40.0,0.375,127.0,154.0,281.0,55.0,43.0,58.0,48.0,158.0,217.0,1981
23,Ron Brewer,SG,25.0,TOT,75.0,0.0,1452.0,275.0,631.0,0.436,1.0,7.0,0.143,274.0,624.0,0.439,0.437,91.0,114.0,0.798,34.0,52.0,86.0,148.0,61.0,34.0,92.0,95.0,642.0,1981
26,Junior Bridgeman,SF,27.0,MIL,77.0,0.0,2215.0,537.0,1102.0,0.487,3.0,21.0,0.143,534.0,1081.0,0.494,0.489,213.0,241.0,0.884,78.0,211.0,289.0,234.0,88.0,28.0,150.0,182.0,1290.0,1981
27,Allan Bristow,SF,29.0,UTA,82.0,0.0,2001.0,271.0,611.0,0.444,5.0,18.0,0.278,266.0,593.0,0.449,0.448,166.0,198.0,0.838,103.0,327.0,430.0,383.0,63.0,3.0,171.0,190.0,713.0,1981
28,Dave Britton,PG,22.0,WSB,2.0,0.0,9.0,2.0,3.0,0.667,0.0,0.0,0.0,2.0,3.0,0.667,0.667,0.0,0.0,0.0,0.0,2.0,2.0,3.0,1.0,0.0,2.0,2.0,4.0,1981
29,Michael Brooks,SF,22.0,SDC,82.0,0.0,2479.0,488.0,1018.0,0.479,0.0,6.0,0.0,488.0,1012.0,0.482,0.479,226.0,320.0,0.706,210.0,232.0,442.0,208.0,99.0,31.0,163.0,234.0,1202.0,1981
30,Fred Brown,SG,32.0,SEA,78.0,0.0,1986.0,505.0,1035.0,0.488,23.0,64.0,0.359,482.0,971.0,0.496,0.499,173.0,208.0,0.832,53.0,122.0,175.0,233.0,88.0,13.0,131.0,141.0,1206.0,1981
31,Lewis Brown,C,25.0,WSB,2.0,0.0,5.0,0.0,3.0,0.0,0.0,0.0,0.0,0.0,3.0,0.0,0.0,2.0,5.0,0.4,1.0,1.0,2.0,0.0,0.0,0.0,1.0,2.0,2.0,1981
32,Rickey Brown,C,22.0,GSW,45.0,0.0,580.0,83.0,162.0,0.512,0.0,0.0,0.0,83.0,162.0,0.512,0.512,16.0,21.0,0.762,52.0,114.0,166.0,21.0,9.0,14.0,31.0,103.0,182.0,1981
33,Joe Bryant,PF,26.0,SDC,82.0,0.0,2359.0,379.0,791.0,0.479,2.0,15.0,0.133,377.0,776.0,0.486,0.48,193.0,244.0,0.791,146.0,294.0,440.0,189.0,72.0,34.0,176.0,264.0,953.0,1981
34,Quinn Buckner,PG,26.0,MIL,82.0,0.0,2384.0,471.0,956.0,0.493,1.0,6.0,0.167,470.0,950.0,0.495,0.493,149.0,203.0,0.734,88.0,210.0,298.0,384.0,197.0,3.0,236.0,271.0,1092.0,1981
35,Tom Burleson,C,28.0,ATL,31.0,0.0,363.0,41.0,99.0,0.414,0.0,0.0,0.0,41.0,99.0,0.414,0.414,20.0,41.0,0.488,44.0,50.0,94.0,12.0,8.0,19.0,24.0,73.0,102.0,1981
36,Don Buse,SG,30.0,IND,58.0,0.0,1095.0,114.0,287.0,0.397,19.0,58.0,0.328,95.0,229.0,0.415,0.43,50.0,65.0,0.769,19.0,65.0,84.0,140.0,74.0,8.0,38.0,61.0,297.0,1981
37,Marty Byrnes,SF,24.0,DAL,72.0,0.0,1360.0,216.0,451.0,0.479,9.0,20.0,0.45,207.0,431.0,0.48,0.489,120.0,157.0,0.764,74.0,103.0,177.0,113.0,29.0,17.0,61.0,126.0,561.0,1981
38,Mack Calvin,PG,33.0,CLE,21.0,0.0,128.0,13.0,39.0,0.333,1.0,5.0,0.2,12.0,34.0,0.353,0.346,25.0,35.0,0.714,2.0,10.0,12.0,28.0,5.0,0.0,17.0,13.0,52.0,1981
39,Austin Carr,SG,32.0,TOT,47.0,0.0,657.0,87.0,234.0,0.372,0.0,7.0,0.0,87.0,227.0,0.383,0.372,34.0,54.0,0.63,22.0,39.0,61.0,58.0,15.0,2.0,41.0,53.0,208.0,1981
42,Kenny Carr,PF,25.0,CLE,81.0,0.0,2615.0,469.0,918.0,0.511,0.0,4.0,0.0,469.0,914.0,0.513,0.511,292.0,409.0,0.714,260.0,575.0,835.0,192.0,76.0,42.0,231.0,296.0,1230.0,1981
43,M.L. Carr,SF,30.0,BOS,41.0,7.0,655.0,97.0,216.0,0.449,1.0,14.0,0.071,96.0,202.0,0.475,0.451,53.0,67.0,0.791,26.0,57.0,83.0,56.0,30.0,18.0,47.0,74.0,248.0,1981
44,Joe Barry Carroll,C,22.0,GSW,82.0,0.0,2919.0,616.0,1254.0,0.491,0.0,2.0,0.0,616.0,1252.0,0.492,0.491,315.0,440.0,0.716,274.0,485.0,759.0,117.0,50.0,121.0,243.0,313.0,1547.0,1981
45,Butch Carter,SF,22.0,LAL,54.0,0.0,672.0,114.0,247.0,0.462,3.0,10.0,0.3,111.0,237.0,0.468,0.468,70.0,95.0,0.737,34.0,31.0,65.0,52.0,23.0,1.0,50.0,99.0,301.0,1981
46,Reggie Carter,SG,23.0,NYK,60.0,0.0,536.0,59.0,179.0,0.33,0.0,3.0,0.0,59.0,176.0,0.335,0.33,51.0,69.0,0.739,30.0,39.0,69.0,76.0,22.0,2.0,38.0,68.0,169.0,1981
47,Bill Cartwright,C,23.0,NYK,82.0,0.0,2925.0,619.0,1118.0,0.554,0.0,1.0,0.0,619.0,1117.0,0.554,0.554,408.0,518.0,0.788,161.0,452.0,613.0,111.0,48.0,83.0,200.0,259.0,1646.0,1981
48,Harvey Catchings,PF,29.0,MIL,77.0,0.0,1635.0,134.0,300.0,0.447,0.0,0.0,0.0,134.0,300.0,0.447,0.447,59.0,92.0,0.641,154.0,319.0,473.0,99.0,33.0,184.0,105.0,284.0,327.0,1981
49,Maurice Cheeks,PG,24.0,PHI,81.0,0.0,2415.0,310.0,581.0,0.534,3.0,8.0,0.375,307.0,573.0,0.536,0.536,140.0,178.0,0.787,67.0,178.0,245.0,560.0,193.0,39.0,174.0,231.0,763.0,1981
50,Phil Chenier,SG,30.0,GSW,9.0,0.0,82.0,11.0,33.0,0.333,1.0,3.0,0.333,10.0,30.0,0.333,0.348,6.0,6.0,1.0,1.0,7.0,8.0,7.0,0.0,0.0,4.0,10.0,29.0,1981
51,Jim Chones,PF,31.0,LAL,82.0,0.0,2562.0,378.0,751.0,0.503,0.0,4.0,0.0,378.0,747.0,0.506,0.503,126.0,193.0,0.653,180.0,477.0,657.0,153.0,39.0,96.0,159.0,324.0,882.0,1981
52,Art Collins,SG,26.0,ATL,29.0,0.0,395.0,35.0,99.0,0.354,0.0,2.0,0.0,35.0,97.0,0.361,0.354,24.0,36.0,0.667,19.0,22.0,41.0,25.0,11.0,1.0,32.0,35.0,94.0,1981
53,Don Collins,SF,22.0,TOT,81.0,0.0,1845.0,360.0,811.0,0.444,0.0,6.0,0.0,360.0,805.0,0.447,0.444,211.0,272.0,0.776,129.0,139.0,268.0,190.0,104.0,25.0,174.0,259.0,931.0,1981
56,Doug Collins,SG,29.0,PHI,12.0,0.0,329.0,62.0,126.0,0.492,0.0,0.0,0.0,62.0,126.0,0.492,0.492,24.0,29.0,0.828,6.0,23.0,29.0,42.0,7.0,4.0,22.0,23.0,148.0,1981
57,Darwin Cook,SG,22.0,NJN,81.0,0.0,1980.0,383.0,819.0,0.468,6.0,25.0,0.24,377.0,794.0,0.475,0.471,132.0,180.0,0.733,96.0,140.0,236.0,297.0,141.0,36.0,176.0,197.0,904.0,1981
58,Jeff Cook,SF,24.0,PHO,79.0,0.0,2192.0,286.0,616.0,0.464,0.0,5.0,0.0,286.0,611.0,0.468,0.464,100.0,155.0,0.645,170.0,297.0,467.0,201.0,82.0,54.0,146.0,236.0,672.0,1981
59,Michael Cooper,SG,24.0,LAL,81.0,0.0,2625.0,321.0,654.0,0.491,4.0,19.0,0.211,317.0,635.0,0.499,0.494,117.0,149.0,0.785,121.0,215.0,336.0,332.0,133.0,78.0,164.0,249.0,763.0,1981
60,Wayne Cooper,C,24.0,UTA,71.0,0.0,1420.0,213.0,471.0,0.452,1.0,3.0,0.333,212.0,468.0,0.453,0.453,62.0,90.0,0.689,166.0,274.0,440.0,52.0,18.0,51.0,77.0,219.0,489.0,1981
61,Dave Corzine,C,24.0,SAS,82.0,0.0,1960.0,366.0,747.0,0.49,0.0,3.0,0.0,366.0,744.0,0.492,0.49,125.0,175.0,0.714,228.0,408.0,636.0,117.0,42.0,99.0,131.0,212.0,857.0,1981
62,Charlie Criss,PG,32.0,ATL,66.0,0.0,1708.0,220.0,485.0,0.454,1.0,21.0,0.048,219.0,464.0,0.472,0.455,185.0,214.0,0.864,26.0,74.0,100.0,283.0,61.0,3.0,134.0,87.0,626.0,1981
63,Geoff Crompton,C,25.0,POR,6.0,0.0,33.0,4.0,8.0,0.5,0.0,0.0,0.0,4.0,8.0,0.5,0.5,1.0,5.0,0.2,7.0,11.0,18.0,2.0,0.0,2.0,5.0,4.0,9.0,1981
64,Pat Cummings,C,24.0,MIL,74.0,0.0,1084.0,248.0,460.0,0.539,0.0,2.0,0.0,248.0,458.0,0.541,0.539,99.0,140.0,0.707,97.0,195.0,292.0,62.0,31.0,19.0,114.0,192.0,595.0,1981
65,Earl Cureton,C,23.0,PHI,52.0,0.0,528.0,93.0,205.0,0.454,0.0,1.0,0.0,93.0,204.0,0.456,0.454,33.0,64.0,0.516,51.0,104.0,155.0,25.0,20.0,23.0,29.0,68.0,219.0,1981
66,Bob Dandridge,SF,33.0,WSB,23.0,0.0,545.0,101.0,237.0,0.426,0.0,1.0,0.0,101.0,236.0,0.428,0.426,28.0,39.0,0.718,19.0,64.0,83.0,60.0,16.0,9.0,33.0,54.0,230.0,1981
67,Adrian Dantley,SF,25.0,UTA,80.0,0.0,3417.0,909.0,1627.0,0.559,2.0,7.0,0.286,907.0,1620.0,0.56,0.559,632.0,784.0,0.806,192.0,317.0,509.0,322.0,109.0,18.0,282.0,245.0,2452.0,1981
68,Brad Davis,PG,25.0,DAL,56.0,0.0,1686.0,230.0,410.0,0.561,3.0,17.0,0.176,227.0,393.0,0.578,0.565,163.0,204.0,0.799,29.0,122.0,151.0,385.0,52.0,11.0,123.0,156.0,626.0,1981
69,Johnny Davis,PG,25.0,IND,76.0,0.0,2536.0,426.0,917.0,0.465,4.0,33.0,0.121,422.0,884.0,0.477,0.467,238.0,299.0,0.796,56.0,114.0,170.0,480.0,95.0,14.0,167.0,179.0,1094.0,1981
70,Monti Davis,PF,22.0,TOT,2.0,0.0,10.0,1.0,5.0,0.2,0.0,0.0,0.0,1.0,5.0,0.2,0.2,1.0,5.0,0.2,2.0,2.0,4.0,0.0,0.0,1.0,0.0,0.0,3.0,1981
73,Ron Davis,SF,26.0,SDC,64.0,0.0,817.0,139.0,314.0,0.443,2.0,8.0,0.25,137.0,306.0,0.448,0.446,94.0,158.0,0.595,47.0,72.0,119.0,47.0,36.0,11.0,61.0,98.0,374.0,1981
74,Walter Davis,SG,26.0,PHO,78.0,0.0,2182.0,593.0,1101.0,0.539,7.0,17.0,0.412,586.0,1084.0,0.541,0.542,209.0,250.0,0.836,63.0,137.0,200.0,302.0,97.0,12.0,222.0,192.0,1402.0,1981
75,Darryl Dawkins,C,24.0,PHI,76.0,0.0,2088.0,423.0,697.0,0.607,0.0,0.0,0.0,423.0,697.0,0.607,0.607,219.0,304.0,0.72,106.0,439.0,545.0,109.0,38.0,112.0,220.0,316.0,1065.0,1981
76,Larry Demic,PF,23.0,NYK,76.0,0.0,964.0,128.0,254.0,0.504,0.0,2.0,0.0,128.0,252.0,0.508,0.504,58.0,92.0,0.63,114.0,129.0,243.0,28.0,12.0,13.0,58.0,153.0,314.0,1981
77,Coby Dietrick,C,32.0,CHI,82.0,0.0,1243.0,146.0,320.0,0.456,2.0,6.0,0.333,144.0,314.0,0.459,0.459,77.0,111.0,0.694,79.0,186.0,265.0,118.0,48.0,53.0,88.0,176.0,371.0,1981
78,James Donaldson,C,23.0,SEA,68.0,0.0,980.0,129.0,238.0,0.542,0.0,0.0,0.0,129.0,238.0,0.542,0.542,101.0,170.0,0.594,107.0,202.0,309.0,42.0,8.0,74.0,68.0,79.0,359.0,1981
79,Jacky Dorsey,SF,26.0,SEA,29.0,0.0,253.0,20.0,70.0,0.286,0.0,0.0,0.0,20.0,70.0,0.286,0.286,13.0,25.0,0.52,23.0,65.0,88.0,9.0,9.0,1.0,14.0,47.0,53.0,1981
80,Leon Douglas,C,26.0,KCK,79.0,0.0,1356.0,185.0,323.0,0.573,0.0,3.0,0.0,185.0,320.0,0.578,0.573,102.0,186.0,0.548,150.0,234.0,384.0,69.0,25.0,38.0,90.0,251.0,472.0,1981
81,John Drew,SF,26.0,ATL,67.0,0.0,2075.0,500.0,1096.0,0.456,0.0,7.0,0.0,500.0,1089.0,0.459,0.456,454.0,577.0,0.787,145.0,238.0,383.0,79.0,98.0,15.0,194.0,264.0,1454.0,1981
82,Larry Drew,PG,22.0,DET,76.0,0.0,1581.0,197.0,484.0,0.407,4.0,17.0,0.235,193.0,467.0,0.413,0.411,106.0,133.0,0.797,24.0,96.0,120.0,249.0,88.0,7.0,166.0,125.0,504.0,1981
83,Ralph Drollinger,C,26.0,DAL,6.0,0.0,67.0,7.0,14.0,0.5,0.0,0.0,0.0,7.0,14.0,0.5,0.5,1.0,4.0,0.25,5.0,14.0,19.0,14.0,1.0,2.0,13.0,16.0,15.0,1981
84,Terry Duerod,SG-SF,24.0,TOT,50.0,0.0,451.0,104.0,234.0,0.444,8.0,16.0,0.5,96.0,218.0,0.44,0.462,31.0,41.0,0.756,17.0,27.0,44.0,36.0,17.0,4.0,35.0,27.0,247.0,1981
87,Mike Dunleavy,SG,26.0,HOU,74.0,0.0,1609.0,310.0,632.0,0.491,1.0,16.0,0.063,309.0,616.0,0.502,0.491,156.0,186.0,0.839,28.0,90.0,118.0,268.0,64.0,2.0,137.0,165.0,777.0,1981
88,T.R. Dunn,SG,25.0,DEN,82.0,0.0,1427.0,146.0,354.0,0.412,0.0,2.0,0.0,146.0,352.0,0.415,0.412,79.0,121.0,0.653,133.0,168.0,301.0,81.0,66.0,29.0,56.0,141.0,371.0,1981
89,John Duren,PG,22.0,UTA,40.0,0.0,458.0,33.0,101.0,0.327,0.0,1.0,0.0,33.0,100.0,0.33,0.327,5.0,9.0,0.556,8.0,27.0,35.0,54.0,18.0,2.0,37.0,54.0,71.0,1981
90,James Edwards,C,25.0,IND,81.0,0.0,2375.0,511.0,1004.0,0.509,0.0,3.0,0.0,511.0,1001.0,0.51,0.509,244.0,347.0,0.703,191.0,380.0,571.0,212.0,32.0,128.0,164.0,304.0,1266.0,1981
91,Bob Elliott,C,25.0,NJN,73.0,0.0,1320.0,214.0,419.0,0.511,1.0,2.0,0.5,213.0,417.0,0.511,0.512,121.0,202.0,0.599,104.0,157.0,261.0,129.0,34.0,16.0,119.0,175.0,550.0,1981
92,Len Elmore,C,28.0,MIL,72.0,0.0,925.0,76.0,212.0,0.358,0.0,0.0,0.0,76.0,212.0,0.358,0.358,54.0,75.0,0.72,68.0,140.0,208.0,69.0,37.0,52.0,44.0,178.0,206.0,1981
93,Alex English,SF,27.0,DEN,81.0,0.0,3093.0,768.0,1555.0,0.494,3.0,5.0,0.6,765.0,1550.0,0.494,0.495,390.0,459.0,0.85,273.0,373.0,646.0,290.0,106.0,100.0,241.0,255.0,1929.0,1981
94,Julius Erving,SF,30.0,PHI,82.0,0.0,2874.0,794.0,1524.0,0.521,4.0,18.0,0.222,790.0,1506.0,0.525,0.522,422.0,536.0,0.787,244.0,413.0,657.0,364.0,173.0,147.0,266.0,233.0,2014.0,1981
95,Mike Evans,PG,25.0,MIL,71.0,0.0,911.0,134.0,291.0,0.46,2.0,14.0,0.143,132.0,277.0,0.477,0.464,50.0,64.0,0.781,22.0,65.0,87.0,167.0,34.0,4.0,72.0,114.0,320.0,1981
96,Eric Fernsten,C,27.0,BOS,45.0,0.0,279.0,38.0,79.0,0.481,0.0,0.0,0.0,38.0,79.0,0.481,0.481,20.0,30.0,0.667,29.0,33.0,62.0,10.0,6.0,7.0,20.0,29.0,96.0,1981
97,Chris Ford,SG,32.0,BOS,82.0,75.0,2723.0,314.0,707.0,0.444,36.0,109.0,0.33,278.0,598.0,0.465,0.47,64.0,87.0,0.736,72.0,91.0,163.0,295.0,100.0,23.0,127.0,212.0,728.0,1981
98,Don Ford,SF,28.0,CLE,64.0,0.0,996.0,100.0,224.0,0.446,0.0,3.0,0.0,100.0,221.0,0.452,0.446,22.0,24.0,0.917,74.0,90.0,164.0,84.0,15.0,12.0,49.0,100.0,222.0,1981
99,Phil Ford,PG,24.0,KCK,66.0,0.0,2287.0,424.0,887.0,0.478,11.0,36.0,0.306,413.0,851.0,0.485,0.484,294.0,354.0,0.831,26.0,102.0,128.0,580.0,99.0,6.0,241.0,190.0,1153.0,1981
100,World B. Free,SG,27.0,GSW,65.0,0.0,2370.0,516.0,1157.0,0.446,5.0,31.0,0.161,511.0,1126.0,0.454,0.448,528.0,649.0,0.814,48.0,111.0,159.0,361.0,85.0,11.0,195.0,183.0,1565.0,1981
101,Tony Fuller,SG,22.0,DET,15.0,0.0,248.0,24.0,66.0,0.364,0.0,1.0,0.0,24.0,65.0,0.369,0.364,12.0,16.0,0.75,13.0,29.0,42.0,28.0,10.0,1.0,23.0,25.0,60.0,1981
102,Mike Gale,PG,30.0,TOT,77.0,0.0,1112.0,157.0,309.0,0.508,2.0,7.0,0.286,155.0,302.0,0.513,0.511,55.0,68.0,0.809,16.0,83.0,99.0,169.0,94.0,7.0,77.0,117.0,371.0,1981
105,Calvin Garrett,SF,24.0,HOU,70.0,0.0,1638.0,188.0,415.0,0.453,1.0,3.0,0.333,187.0,412.0,0.454,0.454,50.0,62.0,0.806,85.0,179.0,264.0,132.0,50.0,10.0,90.0,167.0,427.0,1981
106,Gus Gerard,SF,27.0,TOT,27.0,0.0,252.0,41.0,111.0,0.369,0.0,4.0,0.0,41.0,107.0,0.383,0.369,27.0,40.0,0.675,30.0,37.0,67.0,15.0,10.0,9.0,15.0,41.0,109.0,1981
109,George Gervin,SG,28.0,SAS,82.0,0.0,2765.0,850.0,1729.0,0.492,9.0,35.0,0.257,841.0,1694.0,0.496,0.494,512.0,620.0,0.826,126.0,293.0,419.0,260.0,94.0,56.0,251.0,212.0,2221.0,1981
110,Artis Gilmore,C,31.0,CHI,82.0,0.0,2832.0,547.0,816.0,0.67,0.0,0.0,0.0,547.0,816.0,0.67,0.67,375.0,532.0,0.705,220.0,608.0,828.0,172.0,47.0,198.0,236.0,295.0,1469.0,1981
111,Mike Glenn,PG,25.0,NYK,82.0,0.0,1506.0,285.0,511.0,0.558,4.0,11.0,0.364,281.0,500.0,0.562,0.562,98.0,110.0,0.891,27.0,61.0,88.0,108.0,72.0,5.0,62.0,126.0,672.0,1981
112,Mike Gminski,C,21.0,NJN,56.0,0.0,1579.0,291.0,688.0,0.423,0.0,1.0,0.0,291.0,687.0,0.424,0.423,155.0,202.0,0.767,137.0,282.0,419.0,72.0,54.0,100.0,128.0,127.0,737.0,1981
113,Glen Gondrezick,PF,25.0,DEN,73.0,0.0,1077.0,155.0,329.0,0.471,0.0,2.0,0.0,155.0,327.0,0.474,0.471,112.0,137.0,0.818,136.0,171.0,307.0,83.0,91.0,20.0,69.0,185.0,422.0,1981
114,Rickey Green,PG,26.0,UTA,47.0,0.0,1307.0,176.0,366.0,0.481,0.0,1.0,0.0,176.0,365.0,0.482,0.481,70.0,97.0,0.722,30.0,86.0,116.0,235.0,75.0,1.0,83.0,123.0,422.0,1981
115,Dave Greenwood,PF,23.0,CHI,82.0,0.0,2710.0,481.0,989.0,0.486,0.0,2.0,0.0,481.0,987.0,0.487,0.486,217.0,290.0,0.748,243.0,481.0,724.0,218.0,77.0,124.0,192.0,282.0,1179.0,1981
116,Kevin Grevey,SG,27.0,WSB,75.0,0.0,2616.0,500.0,1103.0,0.453,45.0,136.0,0.331,455.0,967.0,0.471,0.474,244.0,290.0,0.841,67.0,152.0,219.0,300.0,68.0,17.0,144.0,161.0,1289.0,1981
117,Paul Griffin,PF,27.0,SAS,82.0,0.0,1930.0,166.0,325.0,0.511,0.0,0.0,0.0,166.0,325.0,0.511,0.511,170.0,253.0,0.672,184.0,321.0,505.0,249.0,77.0,38.0,132.0,207.0,502.0,1981
118,Darrell Griffith,SG,22.0,UTA,81.0,0.0,2867.0,716.0,1544.0,0.464,10.0,52.0,0.192,706.0,1492.0,0.473,0.467,229.0,320.0,0.716,79.0,209.0,288.0,194.0,106.0,40.0,231.0,219.0,1671.0,1981
119,Bob Gross,SF,27.0,POR,82.0,0.0,1934.0,253.0,479.0,0.528,0.0,9.0,0.0,253.0,470.0,0.538,0.528,135.0,159.0,0.849,126.0,202.0,328.0,251.0,90.0,67.0,151.0,238.0,641.0,1981
120,Ernie Grunfeld,SF,25.0,KCK,79.0,0.0,1584.0,260.0,486.0,0.535,0.0,0.0,0.0,260.0,486.0,0.535,0.535,75.0,101.0,0.743,31.0,175.0,206.0,205.0,60.0,15.0,88.0,155.0,595.0,1981
121,Roy Hamilton,PG,23.0,POR,1.0,0.0,5.0,1.0,3.0,0.333,0.0,0.0,0.0,1.0,3.0,0.333,0.333,1.0,2.0,0.5,2.0,1.0,3.0,0.0,0.0,0.0,1.0,1.0,3.0,1981
122,Bill Hanzlik,SF,23.0,SEA,74.0,0.0,1259.0,138.0,289.0,0.478,1.0,5.0,0.2,137.0,284.0,0.482,0.479,119.0,150.0,0.793,67.0,86.0,153.0,111.0,58.0,20.0,84.0,168.0,396.0,1981
123,Alan Hardy,SG,23.0,LAL,22.0,0.0,111.0,22.0,59.0,0.373,0.0,0.0,0.0,22.0,59.0,0.373,0.373,7.0,10.0,0.7,8.0,11.0,19.0,3.0,1.0,9.0,11.0,13.0,51.0,1981
124,James Hardy,PF,24.0,UTA,23.0,0.0,509.0,52.0,111.0,0.468,0.0,0.0,0.0,52.0,111.0,0.468,0.468,11.0,20.0,0.55,39.0,94.0,133.0,36.0,21.0,20.0,23.0,58.0,115.0,1981
125,Mike Harper,PF,23.0,POR,55.0,0.0,461.0,56.0,136.0,0.412,0.0,3.0,0.0,56.0,133.0,0.421,0.412,37.0,85.0,0.435,28.0,65.0,93.0,17.0,23.0,20.0,32.0,73.0,149.0,1981
126,Joe Hassett,SG,25.0,TOT,41.0,0.0,714.0,143.0,340.0,0.421,53.0,156.0,0.34,90.0,184.0,0.489,0.499,17.0,21.0,0.81,24.0,44.0,68.0,74.0,13.0,2.0,22.0,65.0,356.0,1981
129,Steve Hawes,C,30.0,ATL,74.0,0.0,2309.0,333.0,637.0,0.523,1.0,4.0,0.25,332.0,633.0,0.524,0.524,222.0,278.0,0.799,165.0,396.0,561.0,168.0,73.0,32.0,161.0,289.0,889.0,1981
130,Elvin Hayes,PF,35.0,WSB,81.0,0.0,2931.0,584.0,1296.0,0.451,0.0,10.0,0.0,584.0,1286.0,0.454,0.451,271.0,439.0,0.617,235.0,554.0,789.0,98.0,68.0,171.0,189.0,300.0,1439.0,1981
131,Gar Heard,PF,32.0,SDC,78.0,0.0,1631.0,149.0,396.0,0.376,0.0,7.0,0.0,149.0,389.0,0.383,0.376,79.0,101.0,0.782,120.0,228.0,348.0,122.0,104.0,72.0,81.0,196.0,377.0,1981
132,Gerald Henderson,PG,25.0,BOS,82.0,10.0,1608.0,261.0,579.0,0.451,1.0,16.0,0.063,260.0,563.0,0.462,0.452,113.0,157.0,0.72,43.0,89.0,132.0,213.0,79.0,12.0,160.0,177.0,636.0,1981
133,Tom Henderson,SG,29.0,HOU,66.0,0.0,1411.0,137.0,332.0,0.413,0.0,3.0,0.0,137.0,329.0,0.416,0.413,78.0,95.0,0.821,30.0,74.0,104.0,307.0,53.0,4.0,93.0,111.0,352.0,1981
134,Keith Herron,SG,24.0,DET,80.0,0.0,2270.0,432.0,954.0,0.453,2.0,11.0,0.182,430.0,943.0,0.456,0.454,228.0,267.0,0.854,98.0,113.0,211.0,148.0,91.0,26.0,153.0,154.0,1094.0,1981
135,Kenny Higgs,PG,26.0,DEN,72.0,0.0,1689.0,209.0,474.0,0.441,4.0,34.0,0.118,205.0,440.0,0.466,0.445,140.0,172.0,0.814,24.0,121.0,145.0,408.0,101.0,6.0,166.0,243.0,562.0,1981
136,Johnny High,PG,23.0,PHO,81.0,0.0,1750.0,246.0,576.0,0.427,2.0,24.0,0.083,244.0,552.0,0.442,0.429,183.0,264.0,0.693,89.0,139.0,228.0,202.0,129.0,26.0,188.0,251.0,677.0,1981
137,Armond Hill,PG,27.0,TOT,75.0,0.0,1738.0,117.0,335.0,0.349,0.0,7.0,0.0,117.0,328.0,0.357,0.349,141.0,172.0,0.82,41.0,118.0,159.0,292.0,66.0,11.0,127.0,207.0,375.0,1981
140,Brad Holland,SG,24.0,LAL,41.0,0.0,295.0,47.0,111.0,0.423,1.0,3.0,0.333,46.0,108.0,0.426,0.428,35.0,49.0,0.714,9.0,20.0,29.0,23.0,21.0,1.0,31.0,44.0,130.0,1981
141,Lionel Hollins,PG,27.0,PHI,82.0,0.0,2154.0,327.0,696.0,0.47,2.0,15.0,0.133,325.0,681.0,0.477,0.471,125.0,171.0,0.731,47.0,144.0,191.0,352.0,104.0,18.0,207.0,205.0,781.0,1981
142,Cedrick Hordges,PF,24.0,DEN,68.0,0.0,1599.0,221.0,480.0,0.46,0.0,3.0,0.0,221.0,477.0,0.463,0.46,130.0,186.0,0.699,120.0,338.0,458.0,104.0,33.0,19.0,120.0,226.0,572.0,1981
143,Phil Hubbard,PF,24.0,DET,80.0,0.0,2289.0,433.0,880.0,0.492,1.0,3.0,0.333,432.0,877.0,0.493,0.493,294.0,426.0,0.69,236.0,350.0,586.0,150.0,80.0,20.0,229.0,317.0,1161.0,1981
144,Kim Hughes,C,28.0,TOT,53.0,0.0,490.0,27.0,70.0,0.386,0.0,0.0,0.0,27.0,70.0,0.386,0.386,1.0,2.0,0.5,48.0,79.0,127.0,35.0,28.0,35.0,44.0,106.0,55.0,1981
147,Geoff Huston,PG,23.0,TOT,81.0,0.0,2434.0,461.0,942.0,0.489,1.0,5.0,0.2,460.0,937.0,0.491,0.49,150.0,212.0,0.708,45.0,93.0,138.0,394.0,58.0,7.0,179.0,148.0,1073.0,1981
150,Dan Issel,C,32.0,DEN,80.0,0.0,2641.0,614.0,1220.0,0.503,2.0,12.0,0.167,612.0,1208.0,0.507,0.504,519.0,684.0,0.759,229.0,447.0,676.0,158.0,83.0,53.0,130.0,249.0,1749.0,1981
151,Tony Jackson,PG,23.0,LAL,2.0,0.0,14.0,1.0,3.0,0.333,0.0,0.0,0.0,1.0,3.0,0.333,0.333,0.0,0.0,0.0,0.0,2.0,2.0,2.0,2.0,0.0,0.0,1.0,2.0,1981
152,Abdul Jeelani,SF,26.0,DAL,66.0,0.0,1108.0,187.0,440.0,0.425,0.0,1.0,0.0,187.0,439.0,0.426,0.425,179.0,220.0,0.814,83.0,147.0,230.0,65.0,44.0,31.0,87.0,123.0,553.0,1981
153,Clemon Johnson,C,24.0,IND,81.0,0.0,1643.0,235.0,466.0,0.504,0.0,1.0,0.0,235.0,465.0,0.505,0.504,112.0,189.0,0.593,173.0,295.0,468.0,144.0,44.0,119.0,121.0,185.0,582.0,1981
154,Dennis Johnson,PG,26.0,PHO,79.0,0.0,2615.0,532.0,1220.0,0.436,11.0,51.0,0.216,521.0,1169.0,0.446,0.441,411.0,501.0,0.82,160.0,203.0,363.0,291.0,136.0,61.0,208.0,244.0,1486.0,1981
155,Eddie Johnson,SG,25.0,ATL,75.0,0.0,2693.0,573.0,1136.0,0.504,6.0,20.0,0.3,567.0,1116.0,0.508,0.507,279.0,356.0,0.784,60.0,119.0,179.0,407.0,126.0,11.0,197.0,188.0,1431.0,1981
158,John Johnson,SF,33.0,SEA,80.0,0.0,2324.0,373.0,866.0,0.431,0.0,1.0,0.0,373.0,865.0,0.431,0.431,173.0,214.0,0.808,135.0,227.0,362.0,312.0,57.0,25.0,230.0,202.0,919.0,1981
159,Lee Johnson,PF,23.0,TOT,12.0,0.0,90.0,7.0,25.0,0.28,0.0,0.0,0.0,7.0,25.0,0.28,0.28,3.0,5.0,0.6,6.0,16.0,22.0,1.0,0.0,5.0,7.0,18.0,17.0,1981
162,Magic Johnson,SG,21.0,LAL,37.0,0.0,1371.0,312.0,587.0,0.532,3.0,17.0,0.176,309.0,570.0,0.542,0.534,171.0,225.0,0.76,101.0,219.0,320.0,317.0,127.0,27.0,143.0,100.0,798.0,1981
163,Marques Johnson,SF,24.0,MIL,76.0,0.0,2542.0,636.0,1153.0,0.552,0.0,9.0,0.0,636.0,1144.0,0.556,0.552,269.0,381.0,0.706,225.0,293.0,518.0,346.0,115.0,41.0,190.0,196.0,1541.0,1981
164,Mickey Johnson,PF,28.0,MIL,82.0,0.0,2118.0,379.0,846.0,0.448,3.0,18.0,0.167,376.0,828.0,0.454,0.45,262.0,332.0,0.789,183.0,362.0,545.0,286.0,94.0,71.0,230.0,256.0,1023.0,1981
165,Ollie Johnson,SF,31.0,PHI,40.0,0.0,372.0,87.0,158.0,0.551,1.0,6.0,0.167,86.0,152.0,0.566,0.554,27.0,31.0,0.871,8.0,47.0,55.0,30.0,20.0,2.0,25.0,45.0,202.0,1981
166,Reggie Johnson,PF,23.0,SAS,79.0,0.0,1716.0,340.0,682.0,0.499,0.0,1.0,0.0,340.0,681.0,0.499,0.499,128.0,193.0,0.663,132.0,226.0,358.0,78.0,45.0,48.0,130.0,283.0,808.0,1981
167,Vinnie Johnson,PG,24.0,SEA,81.0,0.0,2311.0,419.0,785.0,0.534,1.0,5.0,0.2,418.0,780.0,0.536,0.534,214.0,270.0,0.793,193.0,173.0,366.0,341.0,78.0,20.0,216.0,198.0,1053.0,1981
168,Bobby Jones,PF,29.0,PHI,81.0,0.0,2046.0,407.0,755.0,0.539,0.0,3.0,0.0,407.0,752.0,0.541,0.539,282.0,347.0,0.813,142.0,293.0,435.0,226.0,95.0,74.0,149.0,226.0,1096.0,1981
169,Caldwell Jones,C,30.0,PHI,81.0,0.0,2639.0,218.0,485.0,0.449,0.0,0.0,0.0,218.0,485.0,0.449,0.449,148.0,193.0,0.767,200.0,613.0,813.0,122.0,53.0,134.0,168.0,271.0,584.0,1981
170,Dwight Jones,PF,28.0,CHI,81.0,0.0,1574.0,245.0,507.0,0.483,0.0,0.0,0.0,245.0,507.0,0.483,0.483,125.0,161.0,0.776,127.0,274.0,401.0,99.0,40.0,36.0,126.0,200.0,615.0,1981
171,Edgar Jones,PF,24.0,NJN,60.0,0.0,950.0,189.0,357.0,0.529,0.0,4.0,0.0,189.0,353.0,0.535,0.529,146.0,218.0,0.67,92.0,171.0,263.0,43.0,36.0,81.0,101.0,185.0,524.0,1981
172,Major Jones,PF,27.0,HOU,68.0,0.0,1003.0,117.0,252.0,0.464,0.0,1.0,0.0,117.0,251.0,0.466,0.464,64.0,101.0,0.634,96.0,138.0,234.0,41.0,18.0,23.0,57.0,112.0,298.0,1981
173,Eddie Jordan,PG,26.0,TOT,74.0,0.0,1226.0,150.0,352.0,0.426,6.0,22.0,0.273,144.0,330.0,0.436,0.435,87.0,127.0,0.685,30.0,68.0,98.0,241.0,98.0,8.0,143.0,165.0,393.0,1981
176,Walter Jordan,SF,24.0,CLE,30.0,0.0,207.0,29.0,75.0,0.387,0.0,0.0,0.0,29.0,75.0,0.387,0.387,10.0,17.0,0.588,23.0,19.0,42.0,11.0,11.0,5.0,17.0,35.0,68.0,1981
177,Jeff Judkins,SF,24.0,UTA,62.0,0.0,666.0,92.0,216.0,0.426,9.0,28.0,0.321,83.0,188.0,0.441,0.447,45.0,51.0,0.882,29.0,64.0,93.0,59.0,16.0,2.0,30.0,84.0,238.0,1981
178,Clarence Kea,PF,21.0,DAL,16.0,0.0,199.0,37.0,81.0,0.457,0.0,1.0,0.0,37.0,80.0,0.463,0.457,43.0,62.0,0.694,28.0,39.0,67.0,5.0,6.0,1.0,16.0,44.0,117.0,1981
179,Rich Kelley,C,27.0,PHO,81.0,0.0,1686.0,196.0,387.0,0.506,0.0,2.0,0.0,196.0,385.0,0.509,0.506,175.0,231.0,0.758,131.0,310.0,441.0,282.0,79.0,63.0,209.0,210.0,567.0,1981
180,Greg Kelser,SF,23.0,DET,25.0,0.0,654.0,120.0,285.0,0.421,0.0,2.0,0.0,120.0,283.0,0.424,0.421,68.0,106.0,0.642,53.0,67.0,120.0,45.0,34.0,29.0,78.0,89.0,308.0,1981
181,Larry Kenon,SF,28.0,CHI,77.0,0.0,2161.0,454.0,946.0,0.48,0.0,0.0,0.0,454.0,946.0,0.48,0.48,180.0,245.0,0.735,179.0,219.0,398.0,120.0,75.0,18.0,161.0,160.0,1088.0,1981
182,Chad Kinch,SG,22.0,TOT,41.0,0.0,353.0,52.0,141.0,0.369,0.0,0.0,0.0,52.0,141.0,0.369,0.369,14.0,18.0,0.778,7.0,26.0,33.0,45.0,11.0,6.0,30.0,33.0,118.0,1981
185,Bernard King,SF,24.0,GSW,81.0,0.0,2914.0,731.0,1244.0,0.588,2.0,6.0,0.333,729.0,1238.0,0.589,0.588,307.0,437.0,0.703,178.0,373.0,551.0,287.0,72.0,34.0,265.0,304.0,1771.0,1981
186,Reggie King,PF,23.0,KCK,81.0,0.0,2743.0,472.0,867.0,0.544,0.0,0.0,0.0,472.0,867.0,0.544,0.544,264.0,386.0,0.684,235.0,551.0,786.0,122.0,102.0,41.0,164.0,227.0,1208.0,1981
187,Billy Knight,SG,28.0,IND,82.0,0.0,2385.0,546.0,1025.0,0.533,3.0,19.0,0.158,543.0,1006.0,0.54,0.534,341.0,410.0,0.832,191.0,219.0,410.0,157.0,84.0,12.0,177.0,155.0,1436.0,1981
188,Joel Kramer,PF,25.0,PHO,82.0,0.0,1065.0,136.0,258.0,0.527,0.0,1.0,0.0,136.0,257.0,0.529,0.527,63.0,91.0,0.692,77.0,155.0,232.0,88.0,35.0,17.0,67.0,132.0,335.0,1981
189,Wayne Kreklow,SG,24.0,BOS,25.0,0.0,100.0,11.0,47.0,0.234,1.0,4.0,0.25,10.0,43.0,0.233,0.245,7.0,10.0,0.7,2.0,10.0,12.0,9.0,2.0,1.0,10.0,20.0,30.0,1981
190,Kevin Kunnert,C,29.0,POR,55.0,0.0,842.0,101.0,216.0,0.468,0.0,0.0,0.0,101.0,216.0,0.468,0.468,42.0,54.0,0.778,98.0,189.0,287.0,67.0,17.0,32.0,50.0,143.0,244.0,1981
191,Mitch Kupchak,PF,26.0,WSB,82.0,0.0,1934.0,392.0,747.0,0.525,0.0,1.0,0.0,392.0,746.0,0.525,0.525,240.0,340.0,0.706,198.0,371.0,569.0,62.0,36.0,26.0,161.0,195.0,1024.0,1981
192,Sam Lacey,C,32.0,KCK,82.0,0.0,2228.0,237.0,536.0,0.442,1.0,5.0,0.2,236.0,531.0,0.444,0.443,92.0,117.0,0.786,131.0,453.0,584.0,399.0,95.0,120.0,182.0,302.0,567.0,1981
193,Tom LaGarde,C,25.0,DAL,82.0,0.0,2670.0,417.0,888.0,0.47,0.0,0.0,0.0,417.0,888.0,0.47,0.47,288.0,444.0,0.649,177.0,488.0,665.0,237.0,35.0,45.0,206.0,293.0,1122.0,1981
194,Bill Laimbeer,C,23.0,CLE,81.0,0.0,2460.0,337.0,670.0,0.503,0.0,0.0,0.0,337.0,670.0,0.503,0.503,117.0,153.0,0.765,266.0,427.0,693.0,216.0,56.0,78.0,132.0,332.0,791.0,1981
195,John Lambert,PF,28.0,TOT,46.0,0.0,483.0,68.0,165.0,0.412,0.0,2.0,0.0,68.0,163.0,0.417,0.412,18.0,23.0,0.783,28.0,65.0,93.0,27.0,12.0,5.0,19.0,76.0,154.0,1981
198,Mark Landsberger,PF,25.0,LAL,69.0,0.0,1086.0,164.0,327.0,0.502,0.0,1.0,0.0,164.0,326.0,0.503,0.502,62.0,116.0,0.534,152.0,225.0,377.0,27.0,19.0,6.0,65.0,135.0,390.0,1981
199,Bob Lanier,C,32.0,MIL,67.0,0.0,1753.0,376.0,716.0,0.525,1.0,1.0,1.0,375.0,715.0,0.524,0.526,208.0,277.0,0.751,128.0,285.0,413.0,179.0,73.0,81.0,139.0,184.0,961.0,1981
200,Edmund Lawrence,C,28.0,DET,3.0,0.0,19.0,5.0,8.0,0.625,0.0,0.0,0.0,5.0,8.0,0.625,0.625,2.0,4.0,0.5,2.0,2.0,4.0,1.0,1.0,0.0,1.0,6.0,12.0,1981
201,Allen Leavell,PG,23.0,HOU,79.0,0.0,1686.0,258.0,548.0,0.471,2.0,17.0,0.118,256.0,531.0,0.482,0.473,124.0,149.0,0.832,30.0,104.0,134.0,384.0,97.0,15.0,189.0,160.0,642.0,1981
202,Ron Lee,PG,28.0,DET,82.0,0.0,1829.0,113.0,323.0,0.35,2.0,13.0,0.154,111.0,310.0,0.358,0.353,113.0,156.0,0.724,65.0,155.0,220.0,362.0,166.0,29.0,173.0,260.0,341.0,1981
203,Ronnie Lester,PG,22.0,CHI,8.0,0.0,83.0,10.0,24.0,0.417,0.0,0.0,0.0,10.0,24.0,0.417,0.417,10.0,11.0,0.909,3.0,3.0,6.0,7.0,2.0,0.0,9.0,5.0,30.0,1981
204,Scott Lloyd,C,28.0,DAL,72.0,0.0,2186.0,245.0,547.0,0.448,0.0,2.0,0.0,245.0,545.0,0.45,0.448,147.0,205.0,0.717,161.0,293.0,454.0,159.0,34.0,25.0,145.0,269.0,637.0,1981
205,John Long,SG,24.0,DET,59.0,0.0,1750.0,441.0,957.0,0.461,2.0,11.0,0.182,439.0,946.0,0.464,0.462,160.0,184.0,0.87,95.0,102.0,197.0,106.0,95.0,22.0,151.0,164.0,1044.0,1981
206,John Lucas,PG,27.0,GSW,66.0,0.0,1919.0,222.0,506.0,0.439,4.0,24.0,0.167,218.0,482.0,0.452,0.443,107.0,145.0,0.738,34.0,120.0,154.0,464.0,83.0,2.0,185.0,140.0,555.0,1981
207,Maurice Lucas,PF,28.0,NJN,68.0,0.0,2162.0,404.0,835.0,0.484,0.0,2.0,0.0,404.0,833.0,0.485,0.484,191.0,254.0,0.752,153.0,422.0,575.0,173.0,57.0,59.0,176.0,260.0,999.0,1981
208,Ollie Mack,SG,23.0,TOT,65.0,0.0,1682.0,279.0,606.0,0.46,0.0,9.0,0.0,279.0,597.0,0.467,0.46,80.0,125.0,0.64,92.0,138.0,230.0,163.0,56.0,7.0,70.0,117.0,638.0,1981
211,Kyle Macy,PG,23.0,PHO,82.0,0.0,1469.0,272.0,532.0,0.511,12.0,51.0,0.235,260.0,481.0,0.541,0.523,107.0,119.0,0.899,44.0,88.0,132.0,160.0,76.0,5.0,95.0,120.0,663.0,1981
212,Rick Mahorn,PF,22.0,WSB,52.0,0.0,696.0,111.0,219.0,0.507,0.0,0.0,0.0,111.0,219.0,0.507,0.507,27.0,40.0,0.675,67.0,148.0,215.0,25.0,21.0,44.0,38.0,134.0,249.0,1981
213,Moses Malone,C,25.0,HOU,80.0,0.0,3245.0,806.0,1545.0,0.522,1.0,3.0,0.333,805.0,1542.0,0.522,0.522,609.0,804.0,0.757,474.0,706.0,1180.0,141.0,83.0,150.0,308.0,223.0,2222.0,1981
214,Wes Matthews,PG,21.0,TOT,79.0,0.0,2266.0,385.0,779.0,0.494,5.0,21.0,0.238,380.0,758.0,0.501,0.497,202.0,252.0,0.802,46.0,93.0,139.0,411.0,107.0,17.0,261.0,242.0,977.0,1981
217,Cedric Maxwell,SF,25.0,BOS,81.0,81.0,2730.0,441.0,750.0,0.588,0.0,1.0,0.0,441.0,749.0,0.589,0.588,352.0,450.0,0.782,222.0,303.0,525.0,219.0,79.0,68.0,180.0,256.0,1234.0,1981
218,Scott May,SF,26.0,CHI,63.0,0.0,815.0,165.0,338.0,0.488,0.0,0.0,0.0,165.0,338.0,0.488,0.488,113.0,149.0,0.758,62.0,93.0,155.0,63.0,35.0,7.0,71.0,83.0,443.0,1981
219,Bill Mayfield,SF,23.0,GSW,7.0,0.0,54.0,8.0,18.0,0.444,0.0,0.0,0.0,8.0,18.0,0.444,0.444,1.0,2.0,0.5,7.0,2.0,9.0,1.0,0.0,1.0,3.0,8.0,17.0,1981
220,Bob McAdoo,PF,29.0,TOT,16.0,0.0,321.0,68.0,157.0,0.433,0.0,1.0,0.0,68.0,156.0,0.436,0.433,29.0,41.0,0.707,17.0,50.0,67.0,30.0,17.0,13.0,32.0,38.0,165.0,1981
223,Andre McCarter,PG,27.0,WSB,43.0,0.0,448.0,51.0,135.0,0.378,2.0,8.0,0.25,49.0,127.0,0.386,0.385,18.0,24.0,0.75,16.0,23.0,39.0,73.0,14.0,0.0,24.0,36.0,122.0,1981
224,Keith McCord,SG,23.0,WSB,2.0,0.0,9.0,2.0,4.0,0.5,0.0,0.0,0.0,2.0,4.0,0.5,0.5,0.0,0.0,0.0,1.0,1.0,2.0,1.0,0.0,0.0,2.0,0.0,4.0,1981
225,Jim McElroy,PG,27.0,ATL,54.0,0.0,680.0,78.0,202.0,0.386,1.0,8.0,0.125,77.0,194.0,0.397,0.389,48.0,59.0,0.814,10.0,38.0,48.0,84.0,20.0,9.0,79.0,62.0,205.0,1981
226,George McGinnis,PF,30.0,IND,69.0,0.0,1845.0,348.0,768.0,0.453,0.0,7.0,0.0,348.0,761.0,0.457,0.453,207.0,385.0,0.538,164.0,364.0,528.0,210.0,99.0,28.0,221.0,242.0,903.0,1981
227,Kevin McHale,PF,23.0,BOS,82.0,1.0,1645.0,355.0,666.0,0.533,0.0,2.0,0.0,355.0,664.0,0.535,0.533,108.0,159.0,0.679,155.0,204.0,359.0,55.0,27.0,151.0,110.0,260.0,818.0,1981
228,Billy McKinney,PG,25.0,TOT,84.0,0.0,2166.0,327.0,645.0,0.507,2.0,12.0,0.167,325.0,633.0,0.513,0.509,162.0,188.0,0.862,36.0,148.0,184.0,360.0,99.0,11.0,158.0,231.0,818.0,1981
231,Tom McMillen,C,28.0,ATL,79.0,0.0,1564.0,253.0,519.0,0.487,1.0,6.0,0.167,252.0,513.0,0.491,0.488,80.0,108.0,0.741,96.0,199.0,295.0,72.0,23.0,25.0,81.0,165.0,587.0,1981
232,John Mengelt,SG,31.0,GSW,2.0,0.0,11.0,0.0,4.0,0.0,0.0,0.0,0.0,0.0,4.0,0.0,0.0,0.0,0.0,0.0,0.0,0.0,0.0,2.0,0.0,0.0,0.0,0.0,0.0,1981
233,Joe Meriweather,C,27.0,KCK,74.0,0.0,1514.0,206.0,415.0,0.496,0.0,0.0,0.0,206.0,415.0,0.496,0.496,148.0,213.0,0.695,126.0,267.0,393.0,77.0,27.0,80.0,125.0,219.0,560.0,1981
234,Dick Miller,SF,22.0,TOT,8.0,0.0,53.0,4.0,9.0,0.444,0.0,1.0,0.0,4.0,8.0,0.5,0.444,0.0,0.0,0.0,2.0,5.0,7.0,5.0,4.0,0.0,8.0,5.0,8.0,1981
237,Mike Mitchell,SF,25.0,CLE,82.0,0.0,3194.0,853.0,1791.0,0.476,4.0,9.0,0.444,849.0,1782.0,0.476,0.477,302.0,385.0,0.784,215.0,287.0,502.0,139.0,63.0,52.0,175.0,199.0,2012.0,1981
238,Steve Mix,SF,33.0,PHI,72.0,0.0,1327.0,288.0,575.0,0.501,0.0,3.0,0.0,288.0,572.0,0.503,0.501,200.0,240.0,0.833,105.0,159.0,264.0,114.0,59.0,18.0,88.0,107.0,776.0,1981
239,Paul Mokeski,C,24.0,DET,80.0,0.0,1815.0,224.0,458.0,0.489,0.0,1.0,0.0,224.0,457.0,0.49,0.489,120.0,200.0,0.6,141.0,277.0,418.0,135.0,38.0,73.0,160.0,267.0,568.0,1981
240,Sidney Moncrief,SG,23.0,MIL,80.0,0.0,2417.0,400.0,739.0,0.541,2.0,9.0,0.222,398.0,730.0,0.545,0.543,320.0,398.0,0.804,186.0,220.0,406.0,264.0,90.0,37.0,145.0,156.0,1122.0,1981
241,Johnny Moore,PG,22.0,SAS,82.0,0.0,1578.0,249.0,520.0,0.479,1.0,19.0,0.053,248.0,501.0,0.495,0.48,105.0,172.0,0.61,58.0,138.0,196.0,373.0,120.0,22.0,154.0,178.0,604.0,1981
242,Lowes Moore,PG,23.0,NJN,71.0,0.0,1406.0,212.0,478.0,0.444,4.0,27.0,0.148,208.0,451.0,0.461,0.448,69.0,92.0,0.75,43.0,125.0,168.0,228.0,61.0,17.0,108.0,179.0,497.0,1981
243,Calvin Murphy,PG,32.0,HOU,76.0,0.0,2014.0,528.0,1074.0,0.492,4.0,17.0,0.235,524.0,1057.0,0.496,0.493,206.0,215.0,0.958,33.0,54.0,87.0,222.0,111.0,6.0,129.0,209.0,1266.0,1981
244,Swen Nater,C,31.0,SDC,82.0,0.0,2809.0,517.0,935.0,0.553,0.0,0.0,0.0,517.0,935.0,0.553,0.553,244.0,307.0,0.795,295.0,722.0,1017.0,199.0,49.0,46.0,211.0,295.0,1278.0,1981
245,Calvin Natt,SF,24.0,POR,74.0,0.0,2111.0,395.0,794.0,0.497,4.0,8.0,0.5,391.0,786.0,0.497,0.5,200.0,283.0,0.707,149.0,282.0,431.0,159.0,73.0,18.0,163.0,188.0,994.0,1981
246,Kenny Natt,SG,22.0,IND,19.0,0.0,149.0,25.0,77.0,0.325,2.0,8.0,0.25,23.0,69.0,0.333,0.338,7.0,11.0,0.636,9.0,6.0,15.0,10.0,5.0,1.0,10.0,18.0,59.0,1981
247,Mike Newlin,SG,32.0,NJN,79.0,0.0,2911.0,632.0,1272.0,0.497,10.0,30.0,0.333,622.0,1242.0,0.501,0.501,414.0,466.0,0.888,78.0,141.0,219.0,299.0,87.0,9.0,248.0,237.0,1688.0,1981
248,Carl Nicks,PG,22.0,TOT,67.0,0.0,1109.0,172.0,359.0,0.479,0.0,4.0,0.0,172.0,355.0,0.485,0.479,71.0,126.0,0.563,37.0,73.0,110.0,149.0,60.0,3.0,116.0,141.0,415.0,1981
251,Mike Niles,SF,25.0,PHO,44.0,0.0,231.0,48.0,138.0,0.348,2.0,4.0,0.5,46.0,134.0,0.343,0.355,17.0,37.0,0.459,26.0,32.0,58.0,15.0,8.0,1.0,25.0,41.0,115.0,1981
252,Norm Nixon,PG,25.0,LAL,79.0,0.0,2962.0,576.0,1210.0,0.476,2.0,12.0,0.167,574.0,1198.0,0.479,0.477,196.0,252.0,0.778,64.0,168.0,232.0,696.0,146.0,11.0,285.0,226.0,1350.0,1981
253,Mike O'Koren,SF,22.0,NJN,79.0,0.0,2473.0,365.0,751.0,0.486,5.0,18.0,0.278,360.0,733.0,0.491,0.489,135.0,212.0,0.637,179.0,299.0,478.0,252.0,86.0,27.0,146.0,243.0,870.0,1981
254,Mark Olberding,SF,24.0,SAS,82.0,0.0,2408.0,348.0,685.0,0.508,1.0,7.0,0.143,347.0,678.0,0.512,0.509,315.0,380.0,0.829,146.0,325.0,471.0,277.0,75.0,31.0,202.0,307.0,1012.0,1981
255,Jawann Oldham,C,23.0,DEN,4.0,0.0,21.0,2.0,6.0,0.333,0.0,0.0,0.0,2.0,6.0,0.333,0.333,0.0,0.0,0.0,3.0,2.0,5.0,0.0,0.0,2.0,2.0,3.0,4.0,1981
256,Louis Orr,SF,22.0,IND,82.0,0.0,1787.0,348.0,709.0,0.491,0.0,6.0,0.0,348.0,703.0,0.495,0.491,163.0,202.0,0.807,172.0,189.0,361.0,132.0,55.0,25.0,123.0,153.0,859.0,1981
257,Tom Owens,PF,31.0,POR,79.0,0.0,1843.0,322.0,630.0,0.511,0.0,4.0,0.0,322.0,626.0,0.514,0.511,191.0,250.0,0.764,165.0,291.0,456.0,140.0,36.0,47.0,130.0,273.0,835.0,1981
258,Robert Parish,C,27.0,BOS,82.0,78.0,2298.0,635.0,1166.0,0.545,0.0,1.0,0.0,635.0,1165.0,0.545,0.545,282.0,397.0,0.71,245.0,532.0,777.0,144.0,81.0,214.0,191.0,310.0,1552.0,1981
259,Sonny Parker,SG,25.0,GSW,73.0,0.0,1317.0,191.0,388.0,0.492,0.0,0.0,0.0,191.0,388.0,0.492,0.492,94.0,128.0,0.734,101.0,93.0,194.0,106.0,67.0,13.0,84.0,112.0,476.0,1981
260,Myles Patrick,SF,26.0,LAL,3.0,0.0,9.0,2.0,5.0,0.4,0.0,0.0,0.0,2.0,5.0,0.4,0.4,1.0,2.0,0.5,1.0,1.0,2.0,1.0,0.0,0.0,1.0,3.0,5.0,1981
261,Billy Paultz,PF,32.0,HOU,81.0,0.0,1659.0,262.0,517.0,0.507,0.0,3.0,0.0,262.0,514.0,0.51,0.507,75.0,153.0,0.49,111.0,280.0,391.0,105.0,28.0,72.0,89.0,182.0,599.0,1981
262,Jim Paxson,SG,23.0,POR,79.0,0.0,2701.0,585.0,1092.0,0.536,2.0,30.0,0.067,583.0,1062.0,0.549,0.537,182.0,248.0,0.734,74.0,137.0,211.0,299.0,140.0,9.0,131.0,172.0,1354.0,1981
263,Sam Pellom,PF,29.0,ATL,77.0,0.0,1472.0,186.0,380.0,0.489,0.0,1.0,0.0,186.0,379.0,0.491,0.489,81.0,116.0,0.698,122.0,234.0,356.0,48.0,50.0,92.0,99.0,228.0,453.0,1981
264,Roger Phegley,SG,24.0,CLE,82.0,0.0,2269.0,474.0,965.0,0.491,8.0,28.0,0.286,466.0,937.0,0.497,0.495,224.0,267.0,0.839,90.0,156.0,246.0,184.0,65.0,15.0,165.0,262.0,1180.0,1981
265,Stan Pietkiewicz,SG,24.0,TOT,42.0,0.0,461.0,57.0,138.0,0.413,19.0,48.0,0.396,38.0,90.0,0.422,0.482,11.0,14.0,0.786,13.0,29.0,42.0,77.0,15.0,2.0,22.0,28.0,144.0,1981
268,Ben Poquette,PF,25.0,UTA,82.0,0.0,2808.0,324.0,614.0,0.528,3.0,6.0,0.5,321.0,608.0,0.528,0.53,126.0,162.0,0.778,160.0,469.0,629.0,161.0,67.0,174.0,122.0,342.0,777.0,1981
269,Kevin Porter,PG,30.0,WSB,81.0,0.0,2577.0,446.0,859.0,0.519,3.0,12.0,0.25,443.0,847.0,0.523,0.521,191.0,247.0,0.773,35.0,89.0,124.0,734.0,110.0,10.0,251.0,257.0,1086.0,1981
270,Tony Price,SG,24.0,SDC,5.0,0.0,29.0,2.0,7.0,0.286,0.0,0.0,0.0,2.0,7.0,0.286,0.286,0.0,0.0,0.0,0.0,0.0,0.0,3.0,2.0,1.0,2.0,3.0,4.0,1981
271,Wally Rank,SF,22.0,SDC,25.0,0.0,153.0,21.0,57.0,0.368,0.0,0.0,0.0,21.0,57.0,0.368,0.368,13.0,28.0,0.464,17.0,13.0,30.0,17.0,7.0,1.0,26.0,33.0,55.0,1981
272,Kelvin Ransey,PG,22.0,POR,80.0,0.0,2431.0,525.0,1162.0,0.452,3.0,31.0,0.097,522.0,1131.0,0.462,0.453,164.0,219.0,0.749,42.0,153.0,195.0,555.0,88.0,9.0,232.0,201.0,1217.0,1981
273,Clifford Ray,C,32.0,GSW,66.0,0.0,838.0,64.0,152.0,0.421,0.0,0.0,0.0,64.0,152.0,0.421,0.421,29.0,62.0,0.468,73.0,144.0,217.0,52.0,24.0,13.0,74.0,194.0,157.0,1981
274,James Ray,PF,23.0,DEN,18.0,0.0,148.0,15.0,49.0,0.306,0.0,1.0,0.0,15.0,48.0,0.313,0.306,7.0,10.0,0.7,13.0,24.0,37.0,11.0,4.0,4.0,13.0,31.0,37.0,1981
275,Billy Reid,SG,23.0,GSW,59.0,0.0,597.0,84.0,185.0,0.454,0.0,5.0,0.0,84.0,180.0,0.467,0.454,22.0,39.0,0.564,27.0,33.0,60.0,71.0,33.0,5.0,78.0,111.0,190.0,1981
276,Robert Reid,SF,25.0,HOU,82.0,0.0,2963.0,536.0,1113.0,0.482,0.0,4.0,0.0,536.0,1109.0,0.483,0.482,229.0,303.0,0.756,164.0,419.0,583.0,344.0,163.0,66.0,198.0,325.0,1301.0,1981
277,Kevin Restani,SF,29.0,SAS,64.0,0.0,999.0,192.0,369.0,0.52,3.0,8.0,0.375,189.0,361.0,0.524,0.524,62.0,88.0,0.705,71.0,103.0,174.0,81.0,16.0,14.0,68.0,103.0,449.0,1981
278,Clint Richardson,SG,24.0,PHI,77.0,0.0,1313.0,227.0,464.0,0.489,0.0,1.0,0.0,227.0,463.0,0.49,0.489,84.0,108.0,0.778,83.0,93.0,176.0,152.0,36.0,10.0,110.0,102.0,538.0,1981
279,Micheal Ray Richardson,SG,25.0,NYK,79.0,0.0,3175.0,523.0,1116.0,0.469,23.0,102.0,0.225,500.0,1014.0,0.493,0.479,224.0,338.0,0.663,173.0,372.0,545.0,627.0,232.0,35.0,302.0,258.0,1293.0,1981
280,Anthony Roberts,SF,25.0,WSB,26.0,0.0,350.0,54.0,144.0,0.375,0.0,0.0,0.0,54.0,144.0,0.375,0.375,19.0,29.0,0.655,18.0,50.0,68.0,20.0,11.0,0.0,28.0,52.0,127.0,1981
281,Rick Robey,C,25.0,BOS,82.0,4.0,1569.0,298.0,547.0,0.545,0.0,1.0,0.0,298.0,546.0,0.546,0.545,144.0,251.0,0.574,132.0,258.0,390.0,126.0,38.0,19.0,141.0,204.0,740.0,1981
282,Cliff Robinson,PF,20.0,NJN,63.0,0.0,1822.0,525.0,1070.0,0.491,1.0,1.0,1.0,524.0,1069.0,0.49,0.491,178.0,248.0,0.718,120.0,361.0,481.0,105.0,58.0,52.0,182.0,216.0,1229.0,1981
283,Truck Robinson,PF,29.0,PHO,82.0,0.0,3088.0,647.0,1280.0,0.505,0.0,0.0,0.0,647.0,1280.0,0.505,0.505,249.0,396.0,0.629,216.0,573.0,789.0,206.0,68.0,38.0,250.0,220.0,1543.0,1981
284,Wayne Robinson,PF,22.0,DET,81.0,0.0,1592.0,234.0,509.0,0.46,0.0,6.0,0.0,234.0,503.0,0.465,0.46,175.0,240.0,0.729,117.0,177.0,294.0,112.0,46.0,24.0,149.0,186.0,643.0,1981
285,Bill Robinzine,PF,28.0,TOT,78.0,0.0,2016.0,392.0,826.0,0.475,1.0,6.0,0.167,391.0,820.0,0.477,0.475,218.0,281.0,0.776,168.0,365.0,533.0,118.0,75.0,9.0,187.0,275.0,1003.0,1981
288,Dave Robisch,C,31.0,TOT,84.0,0.0,2116.0,330.0,740.0,0.446,0.0,0.0,0.0,330.0,740.0,0.446,0.446,200.0,247.0,0.81,157.0,342.0,499.0,173.0,37.0,34.0,83.0,173.0,860.0,1981
291,John Roche,PG,31.0,DEN,26.0,0.0,611.0,82.0,179.0,0.458,9.0,27.0,0.333,73.0,152.0,0.48,0.483,58.0,77.0,0.753,5.0,32.0,37.0,140.0,17.0,8.0,52.0,44.0,231.0,1981
292,Tree Rollins,C,25.0,ATL,40.0,0.0,1044.0,116.0,210.0,0.552,0.0,1.0,0.0,116.0,209.0,0.555,0.552,46.0,57.0,0.807,102.0,184.0,286.0,35.0,29.0,117.0,57.0,151.0,278.0,1981
293,Lorenzo Romar,PG,22.0,GSW,53.0,0.0,726.0,87.0,211.0,0.412,2.0,6.0,0.333,85.0,205.0,0.415,0.417,43.0,63.0,0.683,10.0,46.0,56.0,136.0,27.0,3.0,52.0,64.0,219.0,1981
294,Dan Roundfield,PF,27.0,ATL,63.0,0.0,2128.0,426.0,808.0,0.527,0.0,1.0,0.0,426.0,807.0,0.528,0.527,256.0,355.0,0.721,231.0,403.0,634.0,161.0,76.0,119.0,178.0,258.0,1108.0,1981
295,Campy Russell,SF,29.0,NYK,79.0,0.0,2865.0,508.0,1095.0,0.464,8.0,26.0,0.308,500.0,1069.0,0.468,0.468,268.0,343.0,0.781,109.0,244.0,353.0,257.0,99.0,8.0,212.0,248.0,1292.0,1981
296,Frankie Sanders,SF,24.0,KCK,23.0,0.0,186.0,34.0,77.0,0.442,0.0,0.0,0.0,34.0,77.0,0.442,0.442,20.0,22.0,0.909,6.0,15.0,21.0,17.0,16.0,1.0,21.0,20.0,88.0,1981
297,DeWayne Scales,PF,22.0,NYK,44.0,0.0,484.0,94.0,225.0,0.418,1.0,6.0,0.167,93.0,219.0,0.425,0.42,26.0,39.0,0.667,47.0,85.0,132.0,10.0,12.0,4.0,30.0,54.0,215.0,1981
298,Alvin Scott,SF,25.0,PHO,82.0,0.0,1423.0,173.0,348.0,0.497,1.0,6.0,0.167,172.0,342.0,0.503,0.499,97.0,127.0,0.764,101.0,167.0,268.0,114.0,60.0,70.0,77.0,124.0,444.0,1981
299,Craig Shelton,SF,23.0,ATL,55.0,0.0,586.0,100.0,219.0,0.457,0.0,1.0,0.0,100.0,218.0,0.459,0.457,35.0,58.0,0.603,59.0,79.0,138.0,27.0,18.0,5.0,61.0,128.0,235.0,1981
300,Lonnie Shelton,PF,25.0,SEA,14.0,0.0,440.0,73.0,174.0,0.42,0.0,0.0,0.0,73.0,174.0,0.42,0.42,36.0,55.0,0.655,31.0,47.0,78.0,35.0,22.0,3.0,41.0,48.0,182.0,1981
301,Purvis Short,SF,23.0,GSW,79.0,0.0,2309.0,549.0,1157.0,0.475,3.0,17.0,0.176,546.0,1140.0,0.479,0.476,168.0,205.0,0.82,151.0,240.0,391.0,249.0,78.0,19.0,143.0,244.0,1269.0,1981
302,John Shumate,PF,28.0,TOT,24.0,0.0,527.0,56.0,131.0,0.427,0.0,0.0,0.0,56.0,131.0,0.427,0.427,55.0,76.0,0.724,34.0,54.0,88.0,24.0,21.0,9.0,42.0,49.0,167.0,1981
305,Jerry Sichting,PG,24.0,IND,47.0,0.0,450.0,34.0,95.0,0.358,0.0,5.0,0.0,34.0,90.0,0.378,0.358,25.0,32.0,0.781,11.0,32.0,43.0,70.0,23.0,1.0,28.0,38.0,93.0,1981
306,Jack Sikma,C,25.0,SEA,82.0,0.0,2920.0,595.0,1311.0,0.454,0.0,5.0,0.0,595.0,1306.0,0.456,0.454,340.0,413.0,0.823,184.0,668.0,852.0,248.0,78.0,93.0,201.0,282.0,1530.0,1981
307,James Silas,PG,31.0,SAS,75.0,0.0,2055.0,476.0,997.0,0.477,0.0,2.0,0.0,476.0,995.0,0.478,0.477,374.0,440.0,0.85,44.0,187.0,231.0,285.0,51.0,12.0,159.0,129.0,1326.0,1981
308,Larry Smith,PF,23.0,GSW,82.0,0.0,2578.0,304.0,594.0,0.512,0.0,0.0,0.0,304.0,594.0,0.512,0.512,177.0,301.0,0.588,433.0,561.0,994.0,93.0,70.0,63.0,146.0,316.0,785.0,1981
309,Phil Smith,SG,28.0,SDC,76.0,0.0,2378.0,519.0,1057.0,0.491,4.0,18.0,0.222,515.0,1039.0,0.496,0.493,237.0,313.0,0.757,49.0,107.0,156.0,372.0,84.0,18.0,176.0,231.0,1279.0,1981
310,Randy Smith,SG,32.0,CLE,82.0,0.0,2199.0,486.0,1043.0,0.466,1.0,28.0,0.036,485.0,1015.0,0.478,0.466,221.0,271.0,0.815,46.0,147.0,193.0,357.0,113.0,14.0,195.0,132.0,1194.0,1981
311,Robert Smith,PG,25.0,CLE,1.0,0.0,20.0,2.0,5.0,0.4,0.0,0.0,0.0,2.0,5.0,0.4,0.4,4.0,4.0,1.0,1.0,2.0,3.0,3.0,0.0,0.0,3.0,6.0,8.0,1981
312,Ricky Sobers,PG,28.0,CHI,71.0,0.0,1803.0,355.0,769.0,0.462,17.0,66.0,0.258,338.0,703.0,0.481,0.473,231.0,247.0,0.935,46.0,98.0,144.0,284.0,98.0,17.0,206.0,225.0,958.0,1981
313,Jim Spanarkel,SF,23.0,DAL,82.0,0.0,2317.0,404.0,866.0,0.467,1.0,10.0,0.1,403.0,856.0,0.471,0.467,375.0,423.0,0.887,142.0,155.0,297.0,232.0,117.0,20.0,172.0,230.0,1184.0,1981
314,Rory Sparrow,PG,22.0,NJN,15.0,0.0,212.0,22.0,63.0,0.349,0.0,0.0,0.0,22.0,63.0,0.349,0.349,12.0,16.0,0.75,7.0,11.0,18.0,32.0,13.0,3.0,18.0,15.0,56.0,1981
315,John Stroud,SF,23.0,HOU,9.0,0.0,88.0,11.0,34.0,0.324,0.0,0.0,0.0,11.0,34.0,0.324,0.324,3.0,4.0,0.75,7.0,6.0,13.0,9.0,1.0,0.0,4.0,7.0,25.0,1981
316,Brian Taylor,PG,29.0,SDC,80.0,0.0,2312.0,310.0,591.0,0.525,44.0,115.0,0.383,266.0,476.0,0.559,0.562,146.0,185.0,0.789,58.0,93.0,151.0,440.0,118.0,23.0,111.0,212.0,810.0,1981
317,Carlos Terry,SG,24.0,WSB,26.0,0.0,504.0,80.0,160.0,0.5,0.0,6.0,0.0,80.0,154.0,0.519,0.5,28.0,42.0,0.667,43.0,73.0,116.0,70.0,27.0,13.0,57.0,68.0,188.0,1981
318,Reggie Theus,SG,23.0,CHI,82.0,0.0,2820.0,543.0,1097.0,0.495,18.0,90.0,0.2,525.0,1007.0,0.521,0.503,445.0,550.0,0.809,124.0,163.0,287.0,426.0,122.0,20.0,259.0,258.0,1549.0,1981
319,David Thompson,SG,26.0,DEN,77.0,0.0,2620.0,734.0,1451.0,0.506,10.0,39.0,0.256,724.0,1412.0,0.513,0.509,489.0,615.0,0.795,107.0,180.0,287.0,231.0,53.0,60.0,250.0,231.0,1967.0,1981
320,Mychal Thompson,C,26.0,POR,79.0,0.0,2790.0,569.0,1151.0,0.494,0.0,1.0,0.0,569.0,1150.0,0.495,0.494,207.0,323.0,0.641,223.0,463.0,686.0,284.0,62.0,170.0,241.0,260.0,1345.0,1981
321,Rudy Tomjanovich,PF,32.0,HOU,52.0,0.0,1264.0,263.0,563.0,0.467,12.0,51.0,0.235,251.0,512.0,0.49,0.478,65.0,82.0,0.793,78.0,130.0,208.0,81.0,19.0,6.0,58.0,121.0,603.0,1981
322,Andrew Toney,SG,23.0,PHI,75.0,0.0,1768.0,399.0,806.0,0.495,9.0,29.0,0.31,390.0,777.0,0.502,0.501,161.0,226.0,0.712,32.0,111.0,143.0,273.0,59.0,10.0,219.0,234.0,968.0,1981
323,Terry Tyler,SF,24.0,DET,82.0,0.0,2549.0,476.0,895.0,0.532,0.0,8.0,0.0,476.0,887.0,0.537,0.532,148.0,250.0,0.592,198.0,369.0,567.0,136.0,112.0,180.0,163.0,215.0,1100.0,1981
324,Wes Unseld,C,34.0,WSB,63.0,0.0,2032.0,225.0,429.0,0.524,2.0,4.0,0.5,223.0,425.0,0.525,0.527,55.0,86.0,0.64,207.0,466.0,673.0,170.0,52.0,36.0,97.0,171.0,507.0,1981
325,Ronnie Valentine,SF,23.0,DEN,24.0,0.0,123.0,37.0,98.0,0.378,1.0,2.0,0.5,36.0,96.0,0.375,0.383,9.0,19.0,0.474,10.0,20.0,30.0,7.0,7.0,4.0,16.0,23.0,84.0,1981
326,Jan van Breda Kolff,SF,29.0,NJN,78.0,0.0,1426.0,100.0,245.0,0.408,2.0,8.0,0.25,98.0,237.0,0.414,0.412,98.0,117.0,0.838,48.0,154.0,202.0,129.0,38.0,50.0,108.0,214.0,300.0,1981
327,Kiki Vandeweghe,SF,22.0,DEN,51.0,0.0,1376.0,229.0,537.0,0.426,0.0,7.0,0.0,229.0,530.0,0.432,0.426,130.0,159.0,0.818,86.0,184.0,270.0,94.0,29.0,24.0,86.0,116.0,588.0,1981
328,Brett Vroman,C,25.0,UTA,11.0,0.0,93.0,10.0,27.0,0.37,0.0,1.0,0.0,10.0,26.0,0.385,0.37,14.0,19.0,0.737,7.0,18.0,25.0,9.0,5.0,5.0,9.0,26.0,34.0,1981
329,Foots Walker,PG,29.0,NJN,41.0,0.0,1172.0,72.0,169.0,0.426,2.0,9.0,0.222,70.0,160.0,0.438,0.432,88.0,111.0,0.793,22.0,80.0,102.0,253.0,52.0,1.0,85.0,105.0,234.0,1981
330,Wally Walker,SF,26.0,SEA,82.0,0.0,1796.0,290.0,626.0,0.463,0.0,3.0,0.0,290.0,623.0,0.465,0.463,109.0,169.0,0.645,105.0,210.0,315.0,122.0,53.0,15.0,115.0,168.0,689.0,1981
331,Lloyd Walton,PG,27.0,KCK,61.0,0.0,821.0,90.0,218.0,0.413,0.0,1.0,0.0,90.0,217.0,0.415,0.413,26.0,33.0,0.788,13.0,35.0,48.0,208.0,32.0,2.0,80.0,45.0,206.0,1981
332,Kermit Washington,PF,29.0,POR,73.0,0.0,2120.0,325.0,571.0,0.569,0.0,1.0,0.0,325.0,570.0,0.57,0.569,181.0,288.0,0.628,236.0,450.0,686.0,149.0,85.0,86.0,144.0,258.0,831.0,1981
333,Richard Washington,PF,25.0,TOT,80.0,0.0,1812.0,340.0,747.0,0.455,1.0,2.0,0.5,339.0,745.0,0.455,0.456,119.0,159.0,0.748,158.0,295.0,453.0,129.0,46.0,61.0,129.0,283.0,800.0,1981
336,Marvin Webster,C,28.0,NYK,82.0,0.0,1708.0,159.0,341.0,0.466,1.0,4.0,0.25,158.0,337.0,0.469,0.468,104.0,163.0,0.638,162.0,303.0,465.0,72.0,27.0,97.0,103.0,187.0,423.0,1981
337,Scott Wedman,SF,28.0,KCK,81.0,0.0,2902.0,685.0,1437.0,0.477,25.0,77.0,0.325,660.0,1360.0,0.485,0.485,140.0,204.0,0.686,128.0,305.0,433.0,226.0,97.0,46.0,161.0,294.0,1535.0,1981
338,Paul Westphal,SG,30.0,SEA,36.0,0.0,1078.0,221.0,500.0,0.442,6.0,25.0,0.24,215.0,475.0,0.453,0.448,153.0,184.0,0.832,11.0,57.0,68.0,148.0,46.0,14.0,78.0,70.0,601.0,1981
339,Jo Jo White,PG,34.0,KCK,13.0,0.0,236.0,36.0,82.0,0.439,0.0,0.0,0.0,36.0,82.0,0.439,0.439,11.0,18.0,0.611,3.0,18.0,21.0,37.0,11.0,1.0,18.0,21.0,83.0,1981
340,Rudy White,SG,27.0,TOT,16.0,0.0,208.0,23.0,65.0,0.354,0.0,1.0,0.0,23.0,64.0,0.359,0.354,15.0,16.0,0.938,1.0,10.0,11.0,20.0,9.0,1.0,12.0,23.0,61.0,1981
343,Jerome Whitehead,C,24.0,TOT,48.0,0.0,688.0,83.0,180.0,0.461,0.0,1.0,0.0,83.0,179.0,0.464,0.461,28.0,56.0,0.5,58.0,156.0,214.0,26.0,20.0,9.0,56.0,122.0,194.0,1981
347,Hawkeye Whitney,SG,23.0,KCK,47.0,0.0,782.0,149.0,306.0,0.487,2.0,6.0,0.333,147.0,300.0,0.49,0.49,50.0,65.0,0.769,29.0,77.0,106.0,68.0,47.0,6.0,48.0,98.0,350.0,1981
348,Sidney Wicks,PF,31.0,SDC,49.0,0.0,1083.0,125.0,286.0,0.437,0.0,1.0,0.0,125.0,285.0,0.439,0.437,76.0,150.0,0.507,79.0,144.0,223.0,111.0,40.0,40.0,94.0,168.0,326.0,1981
349,Michael Wiley,PF,23.0,SAS,33.0,0.0,271.0,76.0,138.0,0.551,0.0,2.0,0.0,76.0,136.0,0.559,0.551,36.0,48.0,0.75,22.0,42.0,64.0,11.0,8.0,6.0,28.0,38.0,188.0,1981
350,Bob Wilkerson,SG,26.0,CHI,80.0,0.0,2238.0,330.0,715.0,0.462,1.0,10.0,0.1,329.0,705.0,0.467,0.462,137.0,163.0,0.84,86.0,196.0,282.0,272.0,102.0,23.0,175.0,170.0,798.0,1981
351,Jamaal Wilkes,SF,27.0,LAL,81.0,0.0,3028.0,786.0,1495.0,0.526,1.0,13.0,0.077,785.0,1482.0,0.53,0.526,254.0,335.0,0.758,146.0,289.0,435.0,235.0,121.0,29.0,207.0,223.0,1827.0,1981
352,James Wilkes,SF,22.0,CHI,48.0,0.0,540.0,85.0,184.0,0.462,0.0,1.0,0.0,85.0,183.0,0.464,0.462,29.0,42.0,0.69,36.0,60.0,96.0,30.0,25.0,12.0,34.0,86.0,199.0,1981
353,Jeff Wilkins,C,25.0,UTA,56.0,0.0,1058.0,117.0,260.0,0.45,0.0,0.0,0.0,117.0,260.0,0.45,0.45,27.0,40.0,0.675,62.0,212.0,274.0,40.0,32.0,46.0,59.0,169.0,261.0,1981
354,Freeman Williams,SG,24.0,SDC,82.0,0.0,1976.0,642.0,1381.0,0.465,48.0,141.0,0.34,594.0,1240.0,0.479,0.482,253.0,297.0,0.852,75.0,54.0,129.0,164.0,91.0,5.0,166.0,157.0,1585.0,1981
355,Ray Williams,PG,26.0,NYK,79.0,0.0,2742.0,616.0,1335.0,0.461,16.0,68.0,0.235,600.0,1267.0,0.474,0.467,312.0,382.0,0.817,122.0,199.0,321.0,432.0,185.0,37.0,235.0,270.0,1560.0,1981
356,Sly Williams,PF,23.0,NYK,67.0,0.0,1976.0,349.0,708.0,0.493,2.0,8.0,0.25,347.0,700.0,0.496,0.494,185.0,268.0,0.69,159.0,257.0,416.0,180.0,116.0,18.0,141.0,199.0,885.0,1981
357,John Williamson,SG,29.0,WSB,9.0,0.0,112.0,18.0,56.0,0.321,1.0,6.0,0.167,17.0,50.0,0.34,0.33,5.0,6.0,0.833,0.0,7.0,7.0,17.0,4.0,1.0,12.0,13.0,42.0,1981
358,Bill Willoughby,SF,23.0,HOU,55.0,0.0,1145.0,150.0,287.0,0.523,0.0,0.0,0.0,150.0,287.0,0.523,0.523,49.0,64.0,0.766,74.0,153.0,227.0,64.0,18.0,31.0,74.0,102.0,349.0,1981
359,Brian Winters,SG,28.0,MIL,69.0,0.0,1771.0,331.0,697.0,0.475,18.0,51.0,0.353,313.0,646.0,0.485,0.488,119.0,137.0,0.869,32.0,108.0,140.0,229.0,70.0,10.0,136.0,185.0,799.0,1981
360,Mike Woodson,SG,22.0,NYK,81.0,0.0,949.0,165.0,373.0,0.442,1.0,5.0,0.2,164.0,368.0,0.446,0.444,49.0,64.0,0.766,33.0,64.0,97.0,75.0,36.0,12.0,54.0,95.0,380.0,1981
361,Sam Worthen,PG,23.0,CHI,64.0,0.0,945.0,95.0,192.0,0.495,0.0,4.0,0.0,95.0,188.0,0.505,0.495,45.0,60.0,0.75,22.0,93.0,115.0,115.0,57.0,6.0,91.0,115.0,235.0,1981
362,Larry Wright,PG,26.0,DET,45.0,0.0,997.0,140.0,303.0,0.462,2.0,7.0,0.286,138.0,296.0,0.466,0.465,53.0,66.0,0.803,26.0,62.0,88.0,153.0,42.0,7.0,74.0,114.0,335.0,1981
